faq_id,policy_id,category,intent,question,answer,keywords,priority,escalation_required,risk_type,source,variant
FAQ001_V1,FAQ001,Account,intent_001,How do I reset my password?,Use the 'Forgot Password' link on the sign-in page. A password reset link will be sent to the email registered with the account.,reset password forgot login account email,Normal,No,account,Synthetic e-commerce customer support dataset,1
FAQ001_V2,FAQ001,Account,intent_001,I cannot remember my password. How can I get back into my account?,Use the 'Forgot Password' link on the sign-in page. A password reset link will be sent to the email registered with the account.,reset password forgot login account email,Normal,No,account,Synthetic e-commerce customer support dataset,2
FAQ001_V3,FAQ001,Account,intent_001,Please help me with this customer issue: I cannot remember my password. How can I get back into my account?,Use the 'Forgot Password' link on the sign-in page. A password reset link will be sent to the email registered with the account.,reset password forgot login account email,Normal,No,account,Synthetic e-commerce customer support dataset,3
FAQ001_V4,FAQ001,Account,intent_001,Support question: I cannot remember my password. How can I get back into my account?,Use the 'Forgot Password' link on the sign-in page. A password reset link will be sent to the email registered with the account.,reset password forgot login account email,Normal,No,account,Synthetic e-commerce customer support dataset,4
FAQ002_V1,FAQ002,Account,intent_002,How do I change my account email?,"Go to Account Settings > Profile > Email. For security, you must verify the new email address before the change is completed.",change email profile verify account,Normal,No,account,Synthetic e-commerce customer support dataset,1
FAQ002_V2,FAQ002,Account,intent_002,I want to replace the email address linked to my profile.,"Go to Account Settings > Profile > Email. For security, you must verify the new email address before the change is completed.",change email profile verify account,Normal,No,account,Synthetic e-commerce customer support dataset,2
FAQ002_V3,FAQ002,Account,intent_002,Please help me with this customer issue: I want to replace the email address linked to my profile.,"Go to Account Settings > Profile > Email. For security, you must verify the new email address before the change is completed.",change email profile verify account,Normal,No,account,Synthetic e-commerce customer support dataset,3
FAQ002_V4,FAQ002,Account,intent_002,Support question: I want to replace the email address linked to my profile.,"Go to Account Settings > Profile > Email. For security, you must verify the new email address before the change is completed.",change email profile verify account,Normal,No,account,Synthetic e-commerce customer support dataset,4
FAQ003_V1,FAQ003,Account,intent_003,What should I do if I think my account was hacked?,Immediately reset your password and contact customer support. Account-security incidents must be reviewed by a human support agent.,hacked compromised security unauthorized account,High,Yes,account,Synthetic e-commerce customer support dataset,1
FAQ003_V2,FAQ003,Account,intent_003,I think someone else accessed my account without permission.,Immediately reset your password and contact customer support. Account-security incidents must be reviewed by a human support agent.,hacked compromised security unauthorized account,High,Yes,account,Synthetic e-commerce customer support dataset,2
FAQ003_V3,FAQ003,Account,intent_003,Please help me with this customer issue: I think someone else accessed my account without permission.,Immediately reset your password and contact customer support. Account-security incidents must be reviewed by a human support agent.,hacked compromised security unauthorized account,High,Yes,account,Synthetic e-commerce customer support dataset,3
FAQ003_V4,FAQ003,Account,intent_003,Support question: I think someone else accessed my account without permission.,Immediately reset your password and contact customer support. Account-security incidents must be reviewed by a human support agent.,hacked compromised security unauthorized account,High,Yes,account,Synthetic e-commerce customer support dataset,4
FAQ004_V1,FAQ004,Account,intent_004,Can I delete my account?,Yes. Submit an account deletion request from Privacy Settings. The request may require identity verification before processing.,delete account privacy remove data verification,High,Yes,account,Synthetic e-commerce customer support dataset,1
FAQ004_V2,FAQ004,Account,intent_004,I want the company to permanently remove my account.,Yes. Submit an account deletion request from Privacy Settings. The request may require identity verification before processing.,delete account privacy remove data verification,High,Yes,account,Synthetic e-commerce customer support dataset,2
FAQ004_V3,FAQ004,Account,intent_004,Please help me with this customer issue: I want the company to permanently remove my account.,Yes. Submit an account deletion request from Privacy Settings. The request may require identity verification before processing.,delete account privacy remove data verification,High,Yes,account,Synthetic e-commerce customer support dataset,3
FAQ004_V4,FAQ004,Account,intent_004,Support question: I want the company to permanently remove my account.,Yes. Submit an account deletion request from Privacy Settings. The request may require identity verification before processing.,delete account privacy remove data verification,High,Yes,account,Synthetic e-commerce customer support dataset,4
FAQ005_V1,FAQ005,Orders,intent_005,Can I cancel my order?,"An order can be cancelled while its status is 'Processing'. Once it has been shipped, it cannot be cancelled and the return process must be used instead.",cancel order processing shipped,Normal,No,order,Synthetic e-commerce customer support dataset,1
FAQ005_V2,FAQ005,Orders,intent_005,Is it possible to stop an order before it is sent out?,"An order can be cancelled while its status is 'Processing'. Once it has been shipped, it cannot be cancelled and the return process must be used instead.",cancel order processing shipped,Normal,No,order,Synthetic e-commerce customer support dataset,2
FAQ005_V3,FAQ005,Orders,intent_005,Please help me with this customer issue: Is it possible to stop an order before it is sent out?,"An order can be cancelled while its status is 'Processing'. Once it has been shipped, it cannot be cancelled and the return process must be used instead.",cancel order processing shipped,Normal,No,order,Synthetic e-commerce customer support dataset,3
FAQ005_V4,FAQ005,Orders,intent_005,Support question: Is it possible to stop an order before it is sent out?,"An order can be cancelled while its status is 'Processing'. Once it has been shipped, it cannot be cancelled and the return process must be used instead.",cancel order processing shipped,Normal,No,order,Synthetic e-commerce customer support dataset,4
FAQ006_V1,FAQ006,Orders,intent_006,How can I track my order?,"Open My Orders, select the order, and choose 'Track Package'. Tracking becomes available after the shipment is handed to the carrier.",track package shipment order carrier,Normal,No,order,Synthetic e-commerce customer support dataset,1
FAQ006_V2,FAQ006,Orders,intent_006,Where can I see the tracking details for my purchase?,"Open My Orders, select the order, and choose 'Track Package'. Tracking becomes available after the shipment is handed to the carrier.",track package shipment order carrier,Normal,No,order,Synthetic e-commerce customer support dataset,2
FAQ006_V3,FAQ006,Orders,intent_006,Please help me with this customer issue: Where can I see the tracking details for my purchase?,"Open My Orders, select the order, and choose 'Track Package'. Tracking becomes available after the shipment is handed to the carrier.",track package shipment order carrier,Normal,No,order,Synthetic e-commerce customer support dataset,3
FAQ006_V4,FAQ006,Orders,intent_006,Support question: Where can I see the tracking details for my purchase?,"Open My Orders, select the order, and choose 'Track Package'. Tracking becomes available after the shipment is handed to the carrier.",track package shipment order carrier,Normal,No,order,Synthetic e-commerce customer support dataset,4
FAQ007_V1,FAQ007,Orders,intent_007,Can I change the delivery address after ordering?,The address can be changed only while the order is still in 'Processing'. Contact support if the order has not yet shipped.,change delivery address order processing,Normal,No,order,Synthetic e-commerce customer support dataset,1
FAQ007_V2,FAQ007,Orders,intent_007,I entered the wrong shipping address. Can I edit it now?,The address can be changed only while the order is still in 'Processing'. Contact support if the order has not yet shipped.,change delivery address order processing,Normal,No,order,Synthetic e-commerce customer support dataset,2
FAQ007_V3,FAQ007,Orders,intent_007,Please help me with this customer issue: I entered the wrong shipping address. Can I edit it now?,The address can be changed only while the order is still in 'Processing'. Contact support if the order has not yet shipped.,change delivery address order processing,Normal,No,order,Synthetic e-commerce customer support dataset,3
FAQ007_V4,FAQ007,Orders,intent_007,Support question: I entered the wrong shipping address. Can I edit it now?,The address can be changed only while the order is still in 'Processing'. Contact support if the order has not yet shipped.,change delivery address order processing,Normal,No,order,Synthetic e-commerce customer support dataset,4
FAQ008_V1,FAQ008,Orders,intent_008,My order shows delivered but I cannot find it. What should I do?,"Check the delivery location, household members, and carrier tracking details first. If the parcel is still missing, contact human support for an investigation.",delivered missing package parcel investigation,High,Yes,order,Synthetic e-commerce customer support dataset,1
FAQ008_V2,FAQ008,Orders,intent_008,"Tracking says delivered, but the package is not here.","Check the delivery location, household members, and carrier tracking details first. If the parcel is still missing, contact human support for an investigation.",delivered missing package parcel investigation,High,Yes,order,Synthetic e-commerce customer support dataset,2
FAQ008_V3,FAQ008,Orders,intent_008,"Please help me with this customer issue: Tracking says delivered, but the package is not here.","Check the delivery location, household members, and carrier tracking details first. If the parcel is still missing, contact human support for an investigation.",delivered missing package parcel investigation,High,Yes,order,Synthetic e-commerce customer support dataset,3
FAQ008_V4,FAQ008,Orders,intent_008,"Support question: Tracking says delivered, but the package is not here.","Check the delivery location, household members, and carrier tracking details first. If the parcel is still missing, contact human support for an investigation.",delivered missing package parcel investigation,High,Yes,order,Synthetic e-commerce customer support dataset,4
FAQ009_V1,FAQ009,Delivery,intent_009,How long does standard delivery take?,Standard delivery normally takes 3–5 business days after dispatch.,standard delivery shipping time days,Normal,No,delivery,Synthetic e-commerce customer support dataset,1
FAQ009_V2,FAQ009,Delivery,intent_009,What is the usual delivery time with normal shipping?,Standard delivery normally takes 3–5 business days after dispatch.,standard delivery shipping time days,Normal,No,delivery,Synthetic e-commerce customer support dataset,2
FAQ009_V3,FAQ009,Delivery,intent_009,Please help me with this customer issue: What is the usual delivery time with normal shipping?,Standard delivery normally takes 3–5 business days after dispatch.,standard delivery shipping time days,Normal,No,delivery,Synthetic e-commerce customer support dataset,3
FAQ009_V4,FAQ009,Delivery,intent_009,Support question: What is the usual delivery time with normal shipping?,Standard delivery normally takes 3–5 business days after dispatch.,standard delivery shipping time days,Normal,No,delivery,Synthetic e-commerce customer support dataset,4
FAQ010_V1,FAQ010,Delivery,intent_010,How long does express delivery take?,"Express delivery normally takes 1–2 business days after dispatch, subject to destination availability.",express delivery shipping time,Normal,No,delivery,Synthetic e-commerce customer support dataset,1
FAQ010_V2,FAQ010,Delivery,intent_010,How quickly should an express shipment arrive?,"Express delivery normally takes 1–2 business days after dispatch, subject to destination availability.",express delivery shipping time,Normal,No,delivery,Synthetic e-commerce customer support dataset,2
FAQ010_V3,FAQ010,Delivery,intent_010,Please help me with this customer issue: How quickly should an express shipment arrive?,"Express delivery normally takes 1–2 business days after dispatch, subject to destination availability.",express delivery shipping time,Normal,No,delivery,Synthetic e-commerce customer support dataset,3
FAQ010_V4,FAQ010,Delivery,intent_010,Support question: How quickly should an express shipment arrive?,"Express delivery normally takes 1–2 business days after dispatch, subject to destination availability.",express delivery shipping time,Normal,No,delivery,Synthetic e-commerce customer support dataset,4
FAQ011_V1,FAQ011,Delivery,intent_011,Do you deliver on weekends?,Weekend delivery depends on the courier and destination. It is not guaranteed under standard delivery.,weekend saturday sunday courier delivery,Normal,No,delivery,Synthetic e-commerce customer support dataset,1
FAQ011_V2,FAQ011,Delivery,intent_011,Can my parcel be delivered on Saturday or Sunday?,Weekend delivery depends on the courier and destination. It is not guaranteed under standard delivery.,weekend saturday sunday courier delivery,Normal,No,delivery,Synthetic e-commerce customer support dataset,2
FAQ011_V3,FAQ011,Delivery,intent_011,Please help me with this customer issue: Can my parcel be delivered on Saturday or Sunday?,Weekend delivery depends on the courier and destination. It is not guaranteed under standard delivery.,weekend saturday sunday courier delivery,Normal,No,delivery,Synthetic e-commerce customer support dataset,3
FAQ011_V4,FAQ011,Delivery,intent_011,Support question: Can my parcel be delivered on Saturday or Sunday?,Weekend delivery depends on the courier and destination. It is not guaranteed under standard delivery.,weekend saturday sunday courier delivery,Normal,No,delivery,Synthetic e-commerce customer support dataset,4
FAQ012_V1,FAQ012,Delivery,intent_012,Do you ship internationally?,the company ships only to the countries listed during checkout. International availability and charges are shown before payment.,international shipping countries checkout charges,Normal,No,delivery,Synthetic e-commerce customer support dataset,1
FAQ012_V2,FAQ012,Delivery,intent_012,Can the company send orders to another country?,the company ships only to the countries listed during checkout. International availability and charges are shown before payment.,international shipping countries checkout charges,Normal,No,delivery,Synthetic e-commerce customer support dataset,2
FAQ012_V3,FAQ012,Delivery,intent_012,Please help me with this customer issue: Can the company send orders to another country?,the company ships only to the countries listed during checkout. International availability and charges are shown before payment.,international shipping countries checkout charges,Normal,No,delivery,Synthetic e-commerce customer support dataset,3
FAQ012_V4,FAQ012,Delivery,intent_012,Support question: Can the company send orders to another country?,the company ships only to the countries listed during checkout. International availability and charges are shown before payment.,international shipping countries checkout charges,Normal,No,delivery,Synthetic e-commerce customer support dataset,4
FAQ013_V1,FAQ013,Returns,intent_013,What is the return period?,"Eligible products can be returned within 14 calendar days of delivery, provided they meet the return conditions.",return period 14 days eligible send back two weeks unopened within 14 days,Normal,No,return,Synthetic e-commerce customer support dataset,1
FAQ013_V2,FAQ013,Returns,intent_013,How many days do I have to send an eligible item back?,"Eligible products can be returned within 14 calendar days of delivery, provided they meet the return conditions.",return period 14 days eligible send back two weeks unopened within 14 days,Normal,No,return,Synthetic e-commerce customer support dataset,2
FAQ013_V3,FAQ013,Returns,intent_013,Please help me with this customer issue: How many days do I have to send an eligible item back?,"Eligible products can be returned within 14 calendar days of delivery, provided they meet the return conditions.",return period 14 days eligible send back two weeks unopened within 14 days,Normal,No,return,Synthetic e-commerce customer support dataset,3
FAQ013_V4,FAQ013,Returns,intent_013,Support question: How many days do I have to send an eligible item back?,"Eligible products can be returned within 14 calendar days of delivery, provided they meet the return conditions.",return period 14 days eligible send back two weeks unopened within 14 days,Normal,No,return,Synthetic e-commerce customer support dataset,4
FAQ014_V1,FAQ014,Returns,intent_014,Can I return an opened product?,Opened products may be returned only when defective or when the product category explicitly allows opened returns. Other opened items may be rejected.,opened product return defective,High,Yes,return,Synthetic e-commerce customer support dataset,1
FAQ014_V2,FAQ014,Returns,intent_014,Am I allowed to return something after opening the package?,Opened products may be returned only when defective or when the product category explicitly allows opened returns. Other opened items may be rejected.,opened product return defective,High,Yes,return,Synthetic e-commerce customer support dataset,2
FAQ014_V3,FAQ014,Returns,intent_014,Please help me with this customer issue: Am I allowed to return something after opening the package?,Opened products may be returned only when defective or when the product category explicitly allows opened returns. Other opened items may be rejected.,opened product return defective,High,Yes,return,Synthetic e-commerce customer support dataset,3
FAQ014_V4,FAQ014,Returns,intent_014,Support question: Am I allowed to return something after opening the package?,Opened products may be returned only when defective or when the product category explicitly allows opened returns. Other opened items may be rejected.,opened product return defective,High,Yes,return,Synthetic e-commerce customer support dataset,4
FAQ015_V1,FAQ015,Returns,intent_015,How do I start a return?,"Open My Orders, choose the item, select 'Request Return', choose a reason, and follow the return instructions shown in the app.",start return request item reason,Normal,No,return,Synthetic e-commerce customer support dataset,1
FAQ015_V2,FAQ015,Returns,intent_015,What steps do I follow to request a return?,"Open My Orders, choose the item, select 'Request Return', choose a reason, and follow the return instructions shown in the app.",start return request item reason,Normal,No,return,Synthetic e-commerce customer support dataset,2
FAQ015_V3,FAQ015,Returns,intent_015,Please help me with this customer issue: What steps do I follow to request a return?,"Open My Orders, choose the item, select 'Request Return', choose a reason, and follow the return instructions shown in the app.",start return request item reason,Normal,No,return,Synthetic e-commerce customer support dataset,3
FAQ015_V4,FAQ015,Returns,intent_015,Support question: What steps do I follow to request a return?,"Open My Orders, choose the item, select 'Request Return', choose a reason, and follow the return instructions shown in the app.",start return request item reason,Normal,No,return,Synthetic e-commerce customer support dataset,4
FAQ016_V1,FAQ016,Returns,intent_016,Who pays return shipping?,"The support policy covers return shipping for verified defective or incorrect items. For change-of-mind returns, the customer may be responsible for return shipping.",return shipping fee defective incorrect change mind,Normal,No,return,Synthetic e-commerce customer support dataset,1
FAQ016_V2,FAQ016,Returns,intent_016,Do I have to pay the postage when sending a return?,"The support policy covers return shipping for verified defective or incorrect items. For change-of-mind returns, the customer may be responsible for return shipping.",return shipping fee defective incorrect change mind,Normal,No,return,Synthetic e-commerce customer support dataset,2
FAQ016_V3,FAQ016,Returns,intent_016,Please help me with this customer issue: Do I have to pay the postage when sending a return?,"The support policy covers return shipping for verified defective or incorrect items. For change-of-mind returns, the customer may be responsible for return shipping.",return shipping fee defective incorrect change mind,Normal,No,return,Synthetic e-commerce customer support dataset,3
FAQ016_V4,FAQ016,Returns,intent_016,Support question: Do I have to pay the postage when sending a return?,"The support policy covers return shipping for verified defective or incorrect items. For change-of-mind returns, the customer may be responsible for return shipping.",return shipping fee defective incorrect change mind,Normal,No,return,Synthetic e-commerce customer support dataset,4
FAQ017_V1,FAQ017,Refunds,intent_017,How long does a refund take?,"After an approved return is received and inspected, refunds are initiated within 3 business days. Bank processing time may vary.",refund time return bank processing,Normal,No,refund,Synthetic e-commerce customer support dataset,1
FAQ017_V2,FAQ017,Refunds,intent_017,"After my return is accepted, how long until the refund is processed?","After an approved return is received and inspected, refunds are initiated within 3 business days. Bank processing time may vary.",refund time return bank processing,Normal,No,refund,Synthetic e-commerce customer support dataset,2
FAQ017_V3,FAQ017,Refunds,intent_017,"Please help me with this customer issue: After my return is accepted, how long until the refund is processed?","After an approved return is received and inspected, refunds are initiated within 3 business days. Bank processing time may vary.",refund time return bank processing,Normal,No,refund,Synthetic e-commerce customer support dataset,3
FAQ017_V4,FAQ017,Refunds,intent_017,"Support question: After my return is accepted, how long until the refund is processed?","After an approved return is received and inspected, refunds are initiated within 3 business days. Bank processing time may vary.",refund time return bank processing,Normal,No,refund,Synthetic e-commerce customer support dataset,4
FAQ018_V1,FAQ018,Refunds,intent_018,Where will my refund be sent?,Approved refunds are normally sent to the original payment method used for the order.,refund original payment method where refund goes sent destination,Normal,No,refund,Synthetic e-commerce customer support dataset,1
FAQ018_V2,FAQ018,Refunds,intent_018,Which account or payment method receives my refund?,Approved refunds are normally sent to the original payment method used for the order.,refund original payment method where refund goes sent destination,Normal,No,refund,Synthetic e-commerce customer support dataset,2
FAQ018_V3,FAQ018,Refunds,intent_018,Please help me with this customer issue: Which account or payment method receives my refund?,Approved refunds are normally sent to the original payment method used for the order.,refund original payment method where refund goes sent destination,Normal,No,refund,Synthetic e-commerce customer support dataset,3
FAQ018_V4,FAQ018,Refunds,intent_018,Support question: Which account or payment method receives my refund?,Approved refunds are normally sent to the original payment method used for the order.,refund original payment method where refund goes sent destination,Normal,No,refund,Synthetic e-commerce customer support dataset,4
FAQ019_V1,FAQ019,Refunds,intent_019,I have not received my refund yet.,"If the support team has already confirmed the refund and the expected bank-processing period has passed, contact human support with the order number for investigation.",missing refund delayed bank order,High,Yes,refund,Synthetic e-commerce customer support dataset,1
FAQ019_V2,FAQ019,Refunds,intent_019,The refund was confirmed but the money still has not arrived.,"If the support team has already confirmed the refund and the expected bank-processing period has passed, contact human support with the order number for investigation.",missing refund delayed bank order,High,Yes,refund,Synthetic e-commerce customer support dataset,2
FAQ019_V3,FAQ019,Refunds,intent_019,Please help me with this customer issue: The refund was confirmed but the money still has not arrived.,"If the support team has already confirmed the refund and the expected bank-processing period has passed, contact human support with the order number for investigation.",missing refund delayed bank order,High,Yes,refund,Synthetic e-commerce customer support dataset,3
FAQ019_V4,FAQ019,Refunds,intent_019,Support question: The refund was confirmed but the money still has not arrived.,"If the support team has already confirmed the refund and the expected bank-processing period has passed, contact human support with the order number for investigation.",missing refund delayed bank order,High,Yes,refund,Synthetic e-commerce customer support dataset,4
FAQ020_V1,FAQ020,Payments,intent_020,What payment methods do you accept?,"Available payment methods are displayed at checkout and may include supported debit cards, credit cards, and approved digital payment methods.",payment methods card digital checkout,Normal,No,payment,Synthetic e-commerce customer support dataset,1
FAQ020_V2,FAQ020,Payments,intent_020,Which cards or digital payment options can I use?,"Available payment methods are displayed at checkout and may include supported debit cards, credit cards, and approved digital payment methods.",payment methods card digital checkout,Normal,No,payment,Synthetic e-commerce customer support dataset,2
FAQ020_V3,FAQ020,Payments,intent_020,Please help me with this customer issue: Which cards or digital payment options can I use?,"Available payment methods are displayed at checkout and may include supported debit cards, credit cards, and approved digital payment methods.",payment methods card digital checkout,Normal,No,payment,Synthetic e-commerce customer support dataset,3
FAQ020_V4,FAQ020,Payments,intent_020,Support question: Which cards or digital payment options can I use?,"Available payment methods are displayed at checkout and may include supported debit cards, credit cards, and approved digital payment methods.",payment methods card digital checkout,Normal,No,payment,Synthetic e-commerce customer support dataset,4
FAQ021_V1,FAQ021,Payments,intent_021,Do you offer cash on delivery?,"Cash on delivery is available only for eligible locations and orders. If available, it will appear as an option at checkout.",cash on delivery COD checkout pay when package arrives pay on delivery,Normal,No,payment,Synthetic e-commerce customer support dataset,1
FAQ021_V2,FAQ021,Payments,intent_021,Can I pay the courier when my order arrives?,"Cash on delivery is available only for eligible locations and orders. If available, it will appear as an option at checkout.",cash on delivery COD checkout pay when package arrives pay on delivery,Normal,No,payment,Synthetic e-commerce customer support dataset,2
FAQ021_V3,FAQ021,Payments,intent_021,Please help me with this customer issue: Can I pay the courier when my order arrives?,"Cash on delivery is available only for eligible locations and orders. If available, it will appear as an option at checkout.",cash on delivery COD checkout pay when package arrives pay on delivery,Normal,No,payment,Synthetic e-commerce customer support dataset,3
FAQ021_V4,FAQ021,Payments,intent_021,Support question: Can I pay the courier when my order arrives?,"Cash on delivery is available only for eligible locations and orders. If available, it will appear as an option at checkout.",cash on delivery COD checkout pay when package arrives pay on delivery,Normal,No,payment,Synthetic e-commerce customer support dataset,4
FAQ022_V1,FAQ022,Payments,intent_022,Why was my payment declined?,"A payment may be declined by the card issuer, due to incorrect details, limits, or security checks. Verify the details or contact the payment provider.",payment declined card issuer security limit,Normal,No,payment,Synthetic e-commerce customer support dataset,1
FAQ022_V2,FAQ022,Payments,intent_022,My card keeps getting rejected at checkout. Why?,"A payment may be declined by the card issuer, due to incorrect details, limits, or security checks. Verify the details or contact the payment provider.",payment declined card issuer security limit,Normal,No,payment,Synthetic e-commerce customer support dataset,2
FAQ022_V3,FAQ022,Payments,intent_022,Please help me with this customer issue: My card keeps getting rejected at checkout. Why?,"A payment may be declined by the card issuer, due to incorrect details, limits, or security checks. Verify the details or contact the payment provider.",payment declined card issuer security limit,Normal,No,payment,Synthetic e-commerce customer support dataset,3
FAQ022_V4,FAQ022,Payments,intent_022,Support question: My card keeps getting rejected at checkout. Why?,"A payment may be declined by the card issuer, due to incorrect details, limits, or security checks. Verify the details or contact the payment provider.",payment declined card issuer security limit,Normal,No,payment,Synthetic e-commerce customer support dataset,4
FAQ023_V1,FAQ023,Payments,intent_023,I was charged twice for one order.,Duplicate-charge reports require human support review. Keep the order number and payment transaction details available for investigation.,charged twice duplicate payment transaction billing double charge two times,High,Yes,payment,Synthetic e-commerce customer support dataset,1
FAQ023_V2,FAQ023,Payments,intent_023,I can see two charges for a single purchase.,Duplicate-charge reports require human support review. Keep the order number and payment transaction details available for investigation.,charged twice duplicate payment transaction billing double charge two times,High,Yes,payment,Synthetic e-commerce customer support dataset,2
FAQ023_V3,FAQ023,Payments,intent_023,Please help me with this customer issue: I can see two charges for a single purchase.,Duplicate-charge reports require human support review. Keep the order number and payment transaction details available for investigation.,charged twice duplicate payment transaction billing double charge two times,High,Yes,payment,Synthetic e-commerce customer support dataset,3
FAQ023_V4,FAQ023,Payments,intent_023,Support question: I can see two charges for a single purchase.,Duplicate-charge reports require human support review. Keep the order number and payment transaction details available for investigation.,charged twice duplicate payment transaction billing double charge two times,High,Yes,payment,Synthetic e-commerce customer support dataset,4
FAQ024_V1,FAQ024,Payments,intent_024,Is my card information stored by the company?,the company does not expose full card details in the support application. Payment information is handled through approved payment-processing systems.,card data stored payment security,High,Yes,payment,Synthetic e-commerce customer support dataset,1
FAQ024_V2,FAQ024,Payments,intent_024,Does the company keep my complete card number?,the company does not expose full card details in the support application. Payment information is handled through approved payment-processing systems.,card data stored payment security,High,Yes,payment,Synthetic e-commerce customer support dataset,2
FAQ024_V3,FAQ024,Payments,intent_024,Please help me with this customer issue: Does the company keep my complete card number?,the company does not expose full card details in the support application. Payment information is handled through approved payment-processing systems.,card data stored payment security,High,Yes,payment,Synthetic e-commerce customer support dataset,3
FAQ024_V4,FAQ024,Payments,intent_024,Support question: Does the company keep my complete card number?,the company does not expose full card details in the support application. Payment information is handled through approved payment-processing systems.,card data stored payment security,High,Yes,payment,Synthetic e-commerce customer support dataset,4
FAQ025_V1,FAQ025,Products,intent_025,How can I check whether an item is in stock?,The product page shows the current stock status. Availability may change before checkout is completed.,stock availability item product,Normal,No,product,Synthetic e-commerce customer support dataset,1
FAQ025_V2,FAQ025,Products,intent_025,How do I know if a product is currently available?,The product page shows the current stock status. Availability may change before checkout is completed.,stock availability item product,Normal,No,product,Synthetic e-commerce customer support dataset,2
FAQ025_V3,FAQ025,Products,intent_025,Please help me with this customer issue: How do I know if a product is currently available?,The product page shows the current stock status. Availability may change before checkout is completed.,stock availability item product,Normal,No,product,Synthetic e-commerce customer support dataset,3
FAQ025_V4,FAQ025,Products,intent_025,Support question: How do I know if a product is currently available?,The product page shows the current stock status. Availability may change before checkout is completed.,stock availability item product,Normal,No,product,Synthetic e-commerce customer support dataset,4
FAQ026_V1,FAQ026,Products,intent_026,Can I reserve an out-of-stock item?,the company does not currently reserve out-of-stock items. Use the availability notification option when it is offered.,reserve out of stock notification,Normal,No,product,Synthetic e-commerce customer support dataset,1
FAQ026_V2,FAQ026,Products,intent_026,Can you hold an unavailable product for me until it is back?,the company does not currently reserve out-of-stock items. Use the availability notification option when it is offered.,reserve out of stock notification,Normal,No,product,Synthetic e-commerce customer support dataset,2
FAQ026_V3,FAQ026,Products,intent_026,Please help me with this customer issue: Can you hold an unavailable product for me until it is back?,the company does not currently reserve out-of-stock items. Use the availability notification option when it is offered.,reserve out of stock notification,Normal,No,product,Synthetic e-commerce customer support dataset,3
FAQ026_V4,FAQ026,Products,intent_026,Support question: Can you hold an unavailable product for me until it is back?,the company does not currently reserve out-of-stock items. Use the availability notification option when it is offered.,reserve out of stock notification,Normal,No,product,Synthetic e-commerce customer support dataset,4
FAQ027_V1,FAQ027,Products,intent_027,What if I receive the wrong item?,Submit a return request and select 'Wrong item received'. customer support may request photos before arranging the correction.,wrong item received return photo,High,Yes,product,Synthetic e-commerce customer support dataset,1
FAQ027_V2,FAQ027,Products,intent_027,The parcel contains a different item from what I ordered.,Submit a return request and select 'Wrong item received'. customer support may request photos before arranging the correction.,wrong item received return photo,High,Yes,product,Synthetic e-commerce customer support dataset,2
FAQ027_V3,FAQ027,Products,intent_027,Please help me with this customer issue: The parcel contains a different item from what I ordered.,Submit a return request and select 'Wrong item received'. customer support may request photos before arranging the correction.,wrong item received return photo,High,Yes,product,Synthetic e-commerce customer support dataset,3
FAQ027_V4,FAQ027,Products,intent_027,Support question: The parcel contains a different item from what I ordered.,Submit a return request and select 'Wrong item received'. customer support may request photos before arranging the correction.,wrong item received return photo,High,Yes,product,Synthetic e-commerce customer support dataset,4
FAQ028_V1,FAQ028,Products,intent_028,What if an item arrives damaged?,Report damaged items as soon as possible through the order's support option. Photos may be requested and the case may be reviewed by a human agent.,damaged item broken photo support,High,Yes,product,Synthetic e-commerce customer support dataset,1
FAQ028_V2,FAQ028,Products,intent_028,My product was broken when it arrived.,Report damaged items as soon as possible through the order's support option. Photos may be requested and the case may be reviewed by a human agent.,damaged item broken photo support,High,Yes,product,Synthetic e-commerce customer support dataset,2
FAQ028_V3,FAQ028,Products,intent_028,Please help me with this customer issue: My product was broken when it arrived.,Report damaged items as soon as possible through the order's support option. Photos may be requested and the case may be reviewed by a human agent.,damaged item broken photo support,High,Yes,product,Synthetic e-commerce customer support dataset,3
FAQ028_V4,FAQ028,Products,intent_028,Support question: My product was broken when it arrived.,Report damaged items as soon as possible through the order's support option. Photos may be requested and the case may be reviewed by a human agent.,damaged item broken photo support,High,Yes,product,Synthetic e-commerce customer support dataset,4
FAQ029_V1,FAQ029,Warranty,intent_029,Do products have a warranty?,Warranty coverage depends on the product and seller. The applicable warranty information is shown on the product page or order documentation.,warranty coverage seller product,Normal,No,warranty,Synthetic e-commerce customer support dataset,1
FAQ029_V2,FAQ029,Warranty,intent_029,How can I check whether my purchase includes warranty coverage?,Warranty coverage depends on the product and seller. The applicable warranty information is shown on the product page or order documentation.,warranty coverage seller product,Normal,No,warranty,Synthetic e-commerce customer support dataset,2
FAQ029_V3,FAQ029,Warranty,intent_029,Please help me with this customer issue: How can I check whether my purchase includes warranty coverage?,Warranty coverage depends on the product and seller. The applicable warranty information is shown on the product page or order documentation.,warranty coverage seller product,Normal,No,warranty,Synthetic e-commerce customer support dataset,3
FAQ029_V4,FAQ029,Warranty,intent_029,Support question: How can I check whether my purchase includes warranty coverage?,Warranty coverage depends on the product and seller. The applicable warranty information is shown on the product page or order documentation.,warranty coverage seller product,Normal,No,warranty,Synthetic e-commerce customer support dataset,4
FAQ030_V1,FAQ030,Warranty,intent_030,How do I make a warranty claim?,"Open the relevant order and select the warranty/support option. Claims may require proof of purchase, photos, or manufacturer assessment.",warranty claim proof purchase manufacturer,High,Yes,warranty,Synthetic e-commerce customer support dataset,1
FAQ030_V2,FAQ030,Warranty,intent_030,What is the process for submitting a warranty request?,"Open the relevant order and select the warranty/support option. Claims may require proof of purchase, photos, or manufacturer assessment.",warranty claim proof purchase manufacturer,High,Yes,warranty,Synthetic e-commerce customer support dataset,2
FAQ030_V3,FAQ030,Warranty,intent_030,Please help me with this customer issue: What is the process for submitting a warranty request?,"Open the relevant order and select the warranty/support option. Claims may require proof of purchase, photos, or manufacturer assessment.",warranty claim proof purchase manufacturer,High,Yes,warranty,Synthetic e-commerce customer support dataset,3
FAQ030_V4,FAQ030,Warranty,intent_030,Support question: What is the process for submitting a warranty request?,"Open the relevant order and select the warranty/support option. Claims may require proof of purchase, photos, or manufacturer assessment.",warranty claim proof purchase manufacturer,High,Yes,warranty,Synthetic e-commerce customer support dataset,4
FAQ031_V1,FAQ031,Promotions,intent_031,How do I use a promo code?,Enter an eligible promo code in the coupon field during checkout before completing payment.,promo code coupon checkout discount,Normal,No,promotion,Synthetic e-commerce customer support dataset,1
FAQ031_V2,FAQ031,Promotions,intent_031,Where do I enter a coupon during checkout?,Enter an eligible promo code in the coupon field during checkout before completing payment.,promo code coupon checkout discount,Normal,No,promotion,Synthetic e-commerce customer support dataset,2
FAQ031_V3,FAQ031,Promotions,intent_031,Please help me with this customer issue: Where do I enter a coupon during checkout?,Enter an eligible promo code in the coupon field during checkout before completing payment.,promo code coupon checkout discount,Normal,No,promotion,Synthetic e-commerce customer support dataset,3
FAQ031_V4,FAQ031,Promotions,intent_031,Support question: Where do I enter a coupon during checkout?,Enter an eligible promo code in the coupon field during checkout before completing payment.,promo code coupon checkout discount,Normal,No,promotion,Synthetic e-commerce customer support dataset,4
FAQ032_V1,FAQ032,Promotions,intent_032,Why is my promo code not working?,"Check the expiry date, eligible items, minimum order value, region, and whether the code has already been used.",promo code not working expiry minimum order discount coupon rejected invalid,Normal,No,promotion,Synthetic e-commerce customer support dataset,1
FAQ032_V2,FAQ032,Promotions,intent_032,Checkout says my discount code is invalid.,"Check the expiry date, eligible items, minimum order value, region, and whether the code has already been used.",promo code not working expiry minimum order discount coupon rejected invalid,Normal,No,promotion,Synthetic e-commerce customer support dataset,2
FAQ032_V3,FAQ032,Promotions,intent_032,Please help me with this customer issue: Checkout says my discount code is invalid.,"Check the expiry date, eligible items, minimum order value, region, and whether the code has already been used.",promo code not working expiry minimum order discount coupon rejected invalid,Normal,No,promotion,Synthetic e-commerce customer support dataset,3
FAQ032_V4,FAQ032,Promotions,intent_032,Support question: Checkout says my discount code is invalid.,"Check the expiry date, eligible items, minimum order value, region, and whether the code has already been used.",promo code not working expiry minimum order discount coupon rejected invalid,Normal,No,promotion,Synthetic e-commerce customer support dataset,4
FAQ033_V1,FAQ033,Promotions,intent_033,Can I use two promo codes together?,"Unless a promotion explicitly states otherwise, only one promo code can be applied to an order.",two promo codes combine coupon,Normal,No,promotion,Synthetic e-commerce customer support dataset,1
FAQ033_V2,FAQ033,Promotions,intent_033,May I apply more than one coupon to the same purchase?,"Unless a promotion explicitly states otherwise, only one promo code can be applied to an order.",two promo codes combine coupon,Normal,No,promotion,Synthetic e-commerce customer support dataset,2
FAQ033_V3,FAQ033,Promotions,intent_033,Please help me with this customer issue: May I apply more than one coupon to the same purchase?,"Unless a promotion explicitly states otherwise, only one promo code can be applied to an order.",two promo codes combine coupon,Normal,No,promotion,Synthetic e-commerce customer support dataset,3
FAQ033_V4,FAQ033,Promotions,intent_033,Support question: May I apply more than one coupon to the same purchase?,"Unless a promotion explicitly states otherwise, only one promo code can be applied to an order.",two promo codes combine coupon,Normal,No,promotion,Synthetic e-commerce customer support dataset,4
FAQ034_V1,FAQ034,Privacy,intent_034,How can I request a copy of my personal data?,Use the privacy request option in Privacy Settings. Identity verification may be required before data is released.,personal data copy privacy request,High,Yes,privacy,Synthetic e-commerce customer support dataset,1
FAQ034_V2,FAQ034,Privacy,intent_034,I want to obtain a copy of the personal information you hold about me.,Use the privacy request option in Privacy Settings. Identity verification may be required before data is released.,personal data copy privacy request,High,Yes,privacy,Synthetic e-commerce customer support dataset,2
FAQ034_V3,FAQ034,Privacy,intent_034,Please help me with this customer issue: I want to obtain a copy of the personal information you hold about me.,Use the privacy request option in Privacy Settings. Identity verification may be required before data is released.,personal data copy privacy request,High,Yes,privacy,Synthetic e-commerce customer support dataset,3
FAQ034_V4,FAQ034,Privacy,intent_034,Support question: I want to obtain a copy of the personal information you hold about me.,Use the privacy request option in Privacy Settings. Identity verification may be required before data is released.,personal data copy privacy request,High,Yes,privacy,Synthetic e-commerce customer support dataset,4
FAQ035_V1,FAQ035,Privacy,intent_035,How do I report a privacy concern?,Privacy concerns should be sent to human support through the privacy request channel so they can be reviewed appropriately.,privacy concern data human support,High,Yes,privacy,Synthetic e-commerce customer support dataset,1
FAQ035_V2,FAQ035,Privacy,intent_035,I need to raise a concern about how my personal information is handled.,Privacy concerns should be sent to human support through the privacy request channel so they can be reviewed appropriately.,privacy concern data human support,High,Yes,privacy,Synthetic e-commerce customer support dataset,2
FAQ035_V3,FAQ035,Privacy,intent_035,Please help me with this customer issue: I need to raise a concern about how my personal information is handled.,Privacy concerns should be sent to human support through the privacy request channel so they can be reviewed appropriately.,privacy concern data human support,High,Yes,privacy,Synthetic e-commerce customer support dataset,3
FAQ035_V4,FAQ035,Privacy,intent_035,Support question: I need to raise a concern about how my personal information is handled.,Privacy concerns should be sent to human support through the privacy request channel so they can be reviewed appropriately.,privacy concern data human support,High,Yes,privacy,Synthetic e-commerce customer support dataset,4
FAQ036_V1,FAQ036,Technical,intent_036,The app is not loading. What can I try?,"Check your internet connection, restart the app, and make sure you are using the latest available version. If the issue continues, contact support with device details.",app not loading technical restart internet version,Normal,No,technical,Synthetic e-commerce customer support dataset,1
FAQ036_V2,FAQ036,Technical,intent_036,The the company app will not open properly on my phone.,"Check your internet connection, restart the app, and make sure you are using the latest available version. If the issue continues, contact support with device details.",app not loading technical restart internet version,Normal,No,technical,Synthetic e-commerce customer support dataset,2
FAQ036_V3,FAQ036,Technical,intent_036,Please help me with this customer issue: The the company app will not open properly on my phone.,"Check your internet connection, restart the app, and make sure you are using the latest available version. If the issue continues, contact support with device details.",app not loading technical restart internet version,Normal,No,technical,Synthetic e-commerce customer support dataset,3
FAQ036_V4,FAQ036,Technical,intent_036,Support question: The the company app will not open properly on my phone.,"Check your internet connection, restart the app, and make sure you are using the latest available version. If the issue continues, contact support with device details.",app not loading technical restart internet version,Normal,No,technical,Synthetic e-commerce customer support dataset,4
FAQ037_V1,FAQ037,Technical,intent_037,I am not receiving the verification email.,"Check the spam folder, confirm the registered email address, and request a new verification email. Contact support if repeated attempts fail.",verification email missing spam resend,Normal,No,technical,Synthetic e-commerce customer support dataset,1
FAQ037_V2,FAQ037,Technical,intent_037,The account confirmation email never reached my inbox.,"Check the spam folder, confirm the registered email address, and request a new verification email. Contact support if repeated attempts fail.",verification email missing spam resend,Normal,No,technical,Synthetic e-commerce customer support dataset,2
FAQ037_V3,FAQ037,Technical,intent_037,Please help me with this customer issue: The account confirmation email never reached my inbox.,"Check the spam folder, confirm the registered email address, and request a new verification email. Contact support if repeated attempts fail.",verification email missing spam resend,Normal,No,technical,Synthetic e-commerce customer support dataset,3
FAQ037_V4,FAQ037,Technical,intent_037,Support question: The account confirmation email never reached my inbox.,"Check the spam folder, confirm the registered email address, and request a new verification email. Contact support if repeated attempts fail.",verification email missing spam resend,Normal,No,technical,Synthetic e-commerce customer support dataset,4
FAQ038_V1,FAQ038,Technical,intent_038,The checkout page shows an error.,"Refresh the session and try again without submitting duplicate payments. If the error continues, contact support with a screenshot and time of the error.",checkout error technical payment screenshot,High,Yes,technical,Synthetic e-commerce customer support dataset,1
FAQ038_V2,FAQ038,Technical,intent_038,Checkout fails with an error message when I try to order.,"Refresh the session and try again without submitting duplicate payments. If the error continues, contact support with a screenshot and time of the error.",checkout error technical payment screenshot,High,Yes,technical,Synthetic e-commerce customer support dataset,2
FAQ038_V3,FAQ038,Technical,intent_038,Please help me with this customer issue: Checkout fails with an error message when I try to order.,"Refresh the session and try again without submitting duplicate payments. If the error continues, contact support with a screenshot and time of the error.",checkout error technical payment screenshot,High,Yes,technical,Synthetic e-commerce customer support dataset,3
FAQ038_V4,FAQ038,Technical,intent_038,Support question: Checkout fails with an error message when I try to order.,"Refresh the session and try again without submitting duplicate payments. If the error continues, contact support with a screenshot and time of the error.",checkout error technical payment screenshot,High,Yes,technical,Synthetic e-commerce customer support dataset,4
FAQ039_V1,FAQ039,Support,intent_039,How can I contact customer support?,"Use the Help/Support section in the the company application to open a support request. Complex account, payment, privacy, and security cases are routed to human agents.",contact support help human agent ticket,Normal,No,support,Synthetic e-commerce customer support dataset,1
FAQ039_V2,FAQ039,Support,intent_039,What is the normal way to reach the customer support team?,"Use the Help/Support section in the the company application to open a support request. Complex account, payment, privacy, and security cases are routed to human agents.",contact support help human agent ticket,Normal,No,support,Synthetic e-commerce customer support dataset,2
FAQ039_V3,FAQ039,Support,intent_039,Please help me with this customer issue: What is the normal way to reach the customer support team?,"Use the Help/Support section in the the company application to open a support request. Complex account, payment, privacy, and security cases are routed to human agents.",contact support help human agent ticket,Normal,No,support,Synthetic e-commerce customer support dataset,3
FAQ039_V4,FAQ039,Support,intent_039,Support question: What is the normal way to reach the customer support team?,"Use the Help/Support section in the the company application to open a support request. Complex account, payment, privacy, and security cases are routed to human agents.",contact support help human agent ticket,Normal,No,support,Synthetic e-commerce customer support dataset,4
FAQ040_V1,FAQ040,Support,intent_040,When should I ask for a human agent?,"Ask for a human agent for account-security incidents, payment disputes, privacy requests, unresolved refunds, missing delivered parcels, or cases where the knowledge base does not provide a reliable answer.",human agent escalation security payment privacy unresolved real person support representative,High,Yes,support,Synthetic e-commerce customer support dataset,1
FAQ040_V2,FAQ040,Support,intent_040,What kinds of problems should be transferred to a real support person?,"Ask for a human agent for account-security incidents, payment disputes, privacy requests, unresolved refunds, missing delivered parcels, or cases where the knowledge base does not provide a reliable answer.",human agent escalation security payment privacy unresolved real person support representative,High,Yes,support,Synthetic e-commerce customer support dataset,2
FAQ040_V3,FAQ040,Support,intent_040,Please help me with this customer issue: What kinds of problems should be transferred to a real support person?,"Ask for a human agent for account-security incidents, payment disputes, privacy requests, unresolved refunds, missing delivered parcels, or cases where the knowledge base does not provide a reliable answer.",human agent escalation security payment privacy unresolved real person support representative,High,Yes,support,Synthetic e-commerce customer support dataset,3
FAQ040_V4,FAQ040,Support,intent_040,Support question: What kinds of problems should be transferred to a real support person?,"Ask for a human agent for account-security incidents, payment disputes, privacy requests, unresolved refunds, missing delivered parcels, or cases where the knowledge base does not provide a reliable answer.",human agent escalation security payment privacy unresolved real person support representative,High,Yes,support,Synthetic e-commerce customer support dataset,4
FAQ041_V1,FAQ041,Orders,intent_041,How can I download an invoice for my order?,"Open My Orders, select the completed order, and choose the invoice or receipt option when available. If an invoice is missing, contact support with the order number.",invoice receipt order document download,Normal,No,order,Synthetic e-commerce customer support dataset,1
FAQ041_V2,FAQ041,Orders,intent_041,Where can I get a receipt or invoice for a purchase I made?,"Open My Orders, select the completed order, and choose the invoice or receipt option when available. If an invoice is missing, contact support with the order number.",invoice receipt order document download,Normal,No,order,Synthetic e-commerce customer support dataset,2
FAQ041_V3,FAQ041,Orders,intent_041,Please help me with this customer issue: Where can I get a receipt or invoice for a purchase I made?,"Open My Orders, select the completed order, and choose the invoice or receipt option when available. If an invoice is missing, contact support with the order number.",invoice receipt order document download,Normal,No,order,Synthetic e-commerce customer support dataset,3
FAQ041_V4,FAQ041,Orders,intent_041,Support question: Where can I get a receipt or invoice for a purchase I made?,"Open My Orders, select the completed order, and choose the invoice or receipt option when available. If an invoice is missing, contact support with the order number.",invoice receipt order document download,Normal,No,order,Synthetic e-commerce customer support dataset,4
FAQ042_V1,FAQ042,Orders,intent_042,Why did my order arrive in separate packages?,Items may ship separately when they come from different fulfillment locations or become ready at different times. Each shipment can have its own tracking number.,split shipment separate packages tracking fulfillment,Normal,No,order,Synthetic e-commerce customer support dataset,1
FAQ042_V2,FAQ042,Orders,intent_042,Why did one order get divided into multiple deliveries?,Items may ship separately when they come from different fulfillment locations or become ready at different times. Each shipment can have its own tracking number.,split shipment separate packages tracking fulfillment,Normal,No,order,Synthetic e-commerce customer support dataset,2
FAQ042_V3,FAQ042,Orders,intent_042,Please help me with this customer issue: Why did one order get divided into multiple deliveries?,Items may ship separately when they come from different fulfillment locations or become ready at different times. Each shipment can have its own tracking number.,split shipment separate packages tracking fulfillment,Normal,No,order,Synthetic e-commerce customer support dataset,3
FAQ042_V4,FAQ042,Orders,intent_042,Support question: Why did one order get divided into multiple deliveries?,Items may ship separately when they come from different fulfillment locations or become ready at different times. Each shipment can have its own tracking number.,split shipment separate packages tracking fulfillment,Normal,No,order,Synthetic e-commerce customer support dataset,4
FAQ043_V1,FAQ043,Delivery,intent_043,My delivery is later than the estimated date. What should I do?,"Check the latest carrier tracking update first. If the parcel has no movement beyond the expected delivery window, contact human support for a delivery investigation.",late delayed delivery tracking investigation overdue,High,Yes,delivery,Synthetic e-commerce customer support dataset,1
FAQ043_V2,FAQ043,Delivery,intent_043,My parcel is overdue and has passed the expected arrival date.,"Check the latest carrier tracking update first. If the parcel has no movement beyond the expected delivery window, contact human support for a delivery investigation.",late delayed delivery tracking investigation overdue,High,Yes,delivery,Synthetic e-commerce customer support dataset,2
FAQ043_V3,FAQ043,Delivery,intent_043,Please help me with this customer issue: My parcel is overdue and has passed the expected arrival date.,"Check the latest carrier tracking update first. If the parcel has no movement beyond the expected delivery window, contact human support for a delivery investigation.",late delayed delivery tracking investigation overdue,High,Yes,delivery,Synthetic e-commerce customer support dataset,3
FAQ043_V4,FAQ043,Delivery,intent_043,Support question: My parcel is overdue and has passed the expected arrival date.,"Check the latest carrier tracking update first. If the parcel has no movement beyond the expected delivery window, contact human support for a delivery investigation.",late delayed delivery tracking investigation overdue,High,Yes,delivery,Synthetic e-commerce customer support dataset,4
FAQ044_V1,FAQ044,Delivery,intent_044,Can I upgrade to express delivery after placing the order?,"Delivery speed can be changed only if the order is still processing and the option is supported. Once dispatched, the shipping service cannot be upgraded.",upgrade express shipping after order processing,Normal,No,delivery,Synthetic e-commerce customer support dataset,1
FAQ044_V2,FAQ044,Delivery,intent_044,Can I change normal shipping to express after checkout?,"Delivery speed can be changed only if the order is still processing and the option is supported. Once dispatched, the shipping service cannot be upgraded.",upgrade express shipping after order processing,Normal,No,delivery,Synthetic e-commerce customer support dataset,2
FAQ044_V3,FAQ044,Delivery,intent_044,Please help me with this customer issue: Can I change normal shipping to express after checkout?,"Delivery speed can be changed only if the order is still processing and the option is supported. Once dispatched, the shipping service cannot be upgraded.",upgrade express shipping after order processing,Normal,No,delivery,Synthetic e-commerce customer support dataset,3
FAQ044_V4,FAQ044,Delivery,intent_044,Support question: Can I change normal shipping to express after checkout?,"Delivery speed can be changed only if the order is still processing and the option is supported. Once dispatched, the shipping service cannot be upgraded.",upgrade express shipping after order processing,Normal,No,delivery,Synthetic e-commerce customer support dataset,4
FAQ045_V1,FAQ045,Returns,intent_045,Can I exchange an item instead of returning it?,Direct exchanges are not guaranteed. When an exchange option is available it will appear in the return flow; otherwise return the eligible item and place a new order.,exchange item return replacement new order,Normal,No,return,Synthetic e-commerce customer support dataset,1
FAQ045_V2,FAQ045,Returns,intent_045,I would rather swap the product than get a refund. Is that possible?,Direct exchanges are not guaranteed. When an exchange option is available it will appear in the return flow; otherwise return the eligible item and place a new order.,exchange item return replacement new order,Normal,No,return,Synthetic e-commerce customer support dataset,2
FAQ045_V3,FAQ045,Returns,intent_045,Please help me with this customer issue: I would rather swap the product than get a refund. Is that possible?,Direct exchanges are not guaranteed. When an exchange option is available it will appear in the return flow; otherwise return the eligible item and place a new order.,exchange item return replacement new order,Normal,No,return,Synthetic e-commerce customer support dataset,3
FAQ045_V4,FAQ045,Returns,intent_045,Support question: I would rather swap the product than get a refund. Is that possible?,Direct exchanges are not guaranteed. When an exchange option is available it will appear in the return flow; otherwise return the eligible item and place a new order.,exchange item return replacement new order,Normal,No,return,Synthetic e-commerce customer support dataset,4
FAQ046_V1,FAQ046,Refunds,intent_046,Why did I receive only part of my refund?,"A refund can be partial when only some items were returned, non-refundable charges apply, or a discount affected the refundable amount. Contact human support if the amount does not match the approved refund.",partial refund amount missing discount charges,High,Yes,refund,Synthetic e-commerce customer support dataset,1
FAQ046_V2,FAQ046,Refunds,intent_046,The refund amount is smaller than I expected.,"A refund can be partial when only some items were returned, non-refundable charges apply, or a discount affected the refundable amount. Contact human support if the amount does not match the approved refund.",partial refund amount missing discount charges,High,Yes,refund,Synthetic e-commerce customer support dataset,2
FAQ046_V3,FAQ046,Refunds,intent_046,Please help me with this customer issue: The refund amount is smaller than I expected.,"A refund can be partial when only some items were returned, non-refundable charges apply, or a discount affected the refundable amount. Contact human support if the amount does not match the approved refund.",partial refund amount missing discount charges,High,Yes,refund,Synthetic e-commerce customer support dataset,3
FAQ046_V4,FAQ046,Refunds,intent_046,Support question: The refund amount is smaller than I expected.,"A refund can be partial when only some items were returned, non-refundable charges apply, or a discount affected the refundable amount. Contact human support if the amount does not match the approved refund.",partial refund amount missing discount charges,High,Yes,refund,Synthetic e-commerce customer support dataset,4
FAQ047_V1,FAQ047,Payments,intent_047,Why is there a pending card charge even though my order failed?,A failed checkout can leave a temporary authorization hold from the payment provider. These holds normally expire automatically; contact the card issuer or human support if it remains beyond the provider period.,pending charge authorization hold failed order payment,High,Yes,payment,Synthetic e-commerce customer support dataset,1
FAQ047_V2,FAQ047,Payments,intent_047,My order failed but my bank still shows a pending payment.,A failed checkout can leave a temporary authorization hold from the payment provider. These holds normally expire automatically; contact the card issuer or human support if it remains beyond the provider period.,pending charge authorization hold failed order payment,High,Yes,payment,Synthetic e-commerce customer support dataset,2
FAQ047_V3,FAQ047,Payments,intent_047,Please help me with this customer issue: My order failed but my bank still shows a pending payment.,A failed checkout can leave a temporary authorization hold from the payment provider. These holds normally expire automatically; contact the card issuer or human support if it remains beyond the provider period.,pending charge authorization hold failed order payment,High,Yes,payment,Synthetic e-commerce customer support dataset,3
FAQ047_V4,FAQ047,Payments,intent_047,Support question: My order failed but my bank still shows a pending payment.,A failed checkout can leave a temporary authorization hold from the payment provider. These holds normally expire automatically; contact the card issuer or human support if it remains beyond the provider period.,pending charge authorization hold failed order payment,High,Yes,payment,Synthetic e-commerce customer support dataset,4
FAQ048_V1,FAQ048,Products,intent_048,Where can I find product size or compatibility information?,"Check the product description, specifications, size guide, and compatibility section before ordering. Contact support if essential compatibility information is missing.",size guide compatibility specifications product fit,Normal,No,product,Synthetic e-commerce customer support dataset,1
FAQ048_V2,FAQ048,Products,intent_048,How can I check the right size or whether this product works with my device?,"Check the product description, specifications, size guide, and compatibility section before ordering. Contact support if essential compatibility information is missing.",size guide compatibility specifications product fit,Normal,No,product,Synthetic e-commerce customer support dataset,2
FAQ048_V3,FAQ048,Products,intent_048,Please help me with this customer issue: How can I check the right size or whether this product works with my device?,"Check the product description, specifications, size guide, and compatibility section before ordering. Contact support if essential compatibility information is missing.",size guide compatibility specifications product fit,Normal,No,product,Synthetic e-commerce customer support dataset,3
FAQ048_V4,FAQ048,Products,intent_048,Support question: How can I check the right size or whether this product works with my device?,"Check the product description, specifications, size guide, and compatibility section before ordering. Contact support if essential compatibility information is missing.",size guide compatibility specifications product fit,Normal,No,product,Synthetic e-commerce customer support dataset,4
FAQ049_V1,FAQ049,Promotions,intent_049,Can I use a gift card together with a promo code?,Gift-card and promo-code combinations depend on the checkout rules for the specific promotion. The checkout page will show whether both can be applied together.,gift card promo code combine checkout promotion,Normal,No,promotion,Synthetic e-commerce customer support dataset,1
FAQ049_V2,FAQ049,Promotions,intent_049,Can a gift card and a discount coupon be used on the same order?,Gift-card and promo-code combinations depend on the checkout rules for the specific promotion. The checkout page will show whether both can be applied together.,gift card promo code combine checkout promotion,Normal,No,promotion,Synthetic e-commerce customer support dataset,2
FAQ049_V3,FAQ049,Promotions,intent_049,Please help me with this customer issue: Can a gift card and a discount coupon be used on the same order?,Gift-card and promo-code combinations depend on the checkout rules for the specific promotion. The checkout page will show whether both can be applied together.,gift card promo code combine checkout promotion,Normal,No,promotion,Synthetic e-commerce customer support dataset,3
FAQ049_V4,FAQ049,Promotions,intent_049,Support question: Can a gift card and a discount coupon be used on the same order?,Gift-card and promo-code combinations depend on the checkout rules for the specific promotion. The checkout page will show whether both can be applied together.,gift card promo code combine checkout promotion,Normal,No,promotion,Synthetic e-commerce customer support dataset,4
FAQ050_V1,FAQ050,Account,intent_050,How do I enable extra sign-in security on my account?,"If two-step verification is available for your account, enable it from Account Settings > Security and follow the verification instructions.",two factor 2fa two step verification account security,Normal,No,account,Synthetic e-commerce customer support dataset,1
FAQ050_V2,FAQ050,Account,intent_050,Is there a two-step verification option for safer login?,"If two-step verification is available for your account, enable it from Account Settings > Security and follow the verification instructions.",two factor 2fa two step verification account security,Normal,No,account,Synthetic e-commerce customer support dataset,2
FAQ050_V3,FAQ050,Account,intent_050,Please help me with this customer issue: Is there a two-step verification option for safer login?,"If two-step verification is available for your account, enable it from Account Settings > Security and follow the verification instructions.",two factor 2fa two step verification account security,Normal,No,account,Synthetic e-commerce customer support dataset,3
FAQ050_V4,FAQ050,Account,intent_050,Support question: Is there a two-step verification option for safer login?,"If two-step verification is available for your account, enable it from Account Settings > Security and follow the verification instructions.",two factor 2fa two step verification account security,Normal,No,account,Synthetic e-commerce customer support dataset,4
